Subject,Mean_r,Median_r,Q25_r,Q75_r,Minimum_r,SD_r,N_valid,IQR_r
0,0.99593526,0.9960343,0.9959397912025452,0.9960939288139343,0.99523115,0.00038101248,5,0.996 - 0.996
1,0.994043,0.9938527,0.9937490224838257,0.9939921498298645,0.9935669,0.0005243412,5,0.994 - 0.994
2,0.9914969,0.99125826,0.9912126660346985,0.991466760635376,0.99086386,0.00062395935,5,0.991 - 0.991
3,0.99169064,0.9909823,0.9907690286636353,0.9934197068214417,0.98962337,0.0015804383,5,0.991 - 0.993
4,0.9911621,0.9911896,0.9911194443702698,0.9914528131484985,0.9902396,0.00052084506,5,0.991 - 0.991
5,0.99165,0.9918376,0.9911858439445496,0.9921823740005493,0.99080074,0.0005670248,5,0.991 - 0.992
6,0.9932377,0.99322563,0.9930614829063416,0.9934021830558777,0.9926874,0.00037164087,5,0.993 - 0.993
7,0.99372673,0.993518,0.9930530786514282,0.9951572418212891,0.9915663,0.001400766,5,0.993 - 0.995
8,0.9938795,0.99408025,0.9932114481925964,0.9941769242286682,0.99314916,0.00061955594,5,0.993 - 0.994
9,0.99306595,0.9930444,0.9927224516868591,0.9931358098983765,0.9911658,0.0013078139,5,0.993 - 0.993
10,0.98976296,0.98994446,0.9898985028266907,0.9901323914527893,0.98851186,0.0006437484,5,0.99 - 0.99
11,0.9938761,0.9940113,0.9934887290000916,0.9943549036979675,0.9930167,0.0005542796,5,0.993 - 0.994
12,0.99278307,0.9927985,0.9926714897155762,0.9928189516067505,0.9925914,0.00015120769,5,0.993 - 0.993
13,0.99238986,0.9935115,0.9933725595474243,0.9938492178916931,0.9872488,0.0025796106,5,0.993 - 0.994
14,0.99246484,0.9925197,0.9919726252555847,0.9930824041366577,0.99090236,0.000997755,5,0.992 - 0.993
15,0.99297637,0.9932508,0.9926509857177734,0.9933494329452515,0.9920366,0.00056313473,5,0.993 - 0.993
16,0.9925593,0.99296296,0.9914790987968445,0.9929953217506409,0.9913415,0.0010129493,5,0.991 - 0.993
17,0.9932767,0.9930925,0.9925734996795654,0.9940621852874756,0.9917242,0.001121903,5,0.993 - 0.994
18,0.9947376,0.9944973,0.9940551519393921,0.9948574304580688,0.99401075,0.0008254162,5,0.994 - 0.995
19,0.99371636,0.99383974,0.9929413199424744,0.9938993453979492,0.9924577,0.0010214644,5,0.993 - 0.994
20,0.9916671,0.9919525,0.991480827331543,0.9921004772186279,0.99048084,0.00065395766,5,0.991 - 0.992
21,0.98040247,0.97847176,0.9784038066864014,0.9846100211143494,0.9729792,0.0051299133,5,0.978 - 0.985
22,0.9947621,0.99461406,0.9943444132804871,0.9954138398170471,0.9938029,0.00067882845,5,0.994 - 0.995
23,0.99163723,0.992026,0.9913244843482971,0.9921255111694336,0.9902757,0.0007715596,5,0.991 - 0.992
24,0.99210835,0.99228245,0.9920197129249573,0.9922974109649658,0.9911853,0.0005188745,5,0.992 - 0.992
25,0.9918933,0.991983,0.9919403791427612,0.9920371174812317,0.9913347,0.00028987924,5,0.992 - 0.992
26,0.9906691,0.9909142,0.9899054765701294,0.991022527217865,0.9899035,0.00066635024,5,0.99 - 0.991
27,0.98555356,0.98411185,0.9839448928833008,0.9848465919494629,0.9833685,0.0030085081,5,0.984 - 0.985
28,0.99304485,0.9938481,0.9925276041030884,0.9939356446266174,0.99060726,0.0013592241,5,0.993 - 0.994
29,0.9928215,0.9927457,0.9926958084106445,0.9932619333267212,0.9921252,0.00042651495,5,0.993 - 0.993
30,0.9916016,0.9925187,0.9921579360961914,0.9938583374023438,0.98549813,0.0031345882,5,0.992 - 0.994
31,0.9943843,0.9951943,0.9943081140518188,0.9954094886779785,0.9912692,0.0016282713,5,0.994 - 0.995
32,0.9910361,0.9907295,0.9900093674659729,0.9921138882637024,0.989415,0.001300814,5,0.99 - 0.992
33,0.9928409,0.99286115,0.9916322827339172,0.9933224320411682,0.99159986,0.0011854124,5,0.992 - 0.993
34,0.9945396,0.994709,0.9941132068634033,0.994875967502594,0.9939562,0.00042855422,5,0.994 - 0.995
35,0.99214906,0.9926563,0.9909825325012207,0.992705225944519,0.9908796,0.001041477,5,0.991 - 0.993
36,0.99473333,0.99447316,0.9943621158599854,0.9953811168670654,0.9938683,0.0006471205,5,0.994 - 0.995
37,0.99356425,0.99382323,0.9932609796524048,0.994198203086853,0.9921342,0.0008139234,5,0.993 - 0.994
38,0.9918119,0.99216765,0.9919103384017944,0.9924758076667786,0.9886589,0.0017122141,5,0.992 - 0.992
39,0.99293643,0.99275994,0.992648184299469,0.993315577507019,0.99207103,0.0006181417,5,0.993 - 0.993
40,0.993116,0.9934081,0.9928578734397888,0.993513286113739,0.99163187,0.00085104187,5,0.993 - 0.994
41,0.9903301,0.9898845,0.9879403710365295,0.9933453798294067,0.98701215,0.0026779391,5,0.988 - 0.993
42,0.9948691,0.9945549,0.9945452213287354,0.994686484336853,0.9942702,0.00072258286,5,0.995 - 0.995
43,0.9922059,0.9922701,0.9919568300247192,0.9923862814903259,0.9917282,0.0003344629,5,0.992 - 0.992
44,0.99273074,0.99287957,0.9926300048828125,0.9931581020355225,0.9917826,0.0005171552,5,0.993 - 0.993
45,0.9940829,0.99408406,0.9935696721076965,0.9944102764129639,0.9931508,0.0007052342,5,0.994 - 0.994
46,0.99247825,0.99260736,0.9918601512908936,0.9931067228317261,0.99159896,0.00065029634,5,0.992 - 0.993
47,0.99269164,0.9923778,0.9923136830329895,0.9931624531745911,0.99227965,0.00045460928,5,0.992 - 0.993
48,0.9932311,0.9928872,0.9922328591346741,0.9945264458656311,0.99180245,0.0011842105,5,0.992 - 0.995
49,0.99285996,0.9926991,0.9926155209541321,0.9929428696632385,0.9920647,0.0006283396,5,0.993 - 0.993
50,0.9937021,0.9938836,0.9929268956184387,0.9943122863769531,0.992531,0.0008614258,5,0.993 - 0.994
51,0.99073154,0.9906563,0.9902514219284058,0.9914910793304443,0.9894725,0.0008379893,5,0.99 - 0.991
52,0.99497783,0.99459,0.9941943287849426,0.9960612058639526,0.9937115,0.0010368931,5,0.994 - 0.996
53,0.9912381,0.9904815,0.9900315403938293,0.9918930530548096,0.9898638,0.0015192657,5,0.99 - 0.992
54,0.9933797,0.99319863,0.992994487285614,0.9936468005180359,0.99265236,0.0006057934,5,0.993 - 0.994
55,0.9924545,0.99268115,0.9917647838592529,0.9931365847587585,0.9907897,0.001082051,5,0.992 - 0.993
56,0.9936603,0.99408484,0.9931659698486328,0.9945747256278992,0.99156135,0.0012032575,5,0.993 - 0.995
57,0.99387485,0.99327725,0.9930924773216248,0.9949020147323608,0.9929937,0.0009299493,5,0.993 - 0.995
58,0.9909943,0.99029267,0.9897975325584412,0.9925286769866943,0.9888902,0.0017202941,5,0.99 - 0.993
59,0.9859028,0.9870803,0.9835935831069946,0.987236738204956,0.9818703,0.0028081432,5,0.984 - 0.987
60,0.99025404,0.99073154,0.9904135465621948,0.9910584092140198,0.9871648,0.001622346,5,0.99 - 0.991
61,0.9942878,0.9946748,0.9934819340705872,0.9947699904441833,0.9933942,0.0007098026,5,0.993 - 0.995
62,0.99308014,0.99324685,0.9922014474868774,0.9939253330230713,0.9915223,0.0010928344,5,0.992 - 0.994
63,0.99212015,0.99211687,0.9919639825820923,0.9927421808242798,0.9907628,0.00078162656,5,0.992 - 0.993
64,0.99296683,0.993167,0.9928423762321472,0.9932023286819458,0.9923054,0.00036644752,5,0.993 - 0.993
65,0.9927741,0.9929406,0.9925360083580017,0.9930896162986755,0.9921438,0.00038219994,5,0.993 - 0.993
66,0.9925168,0.992676,0.991946280002594,0.9932162761688232,0.9914647,0.0007114901,5,0.992 - 0.993
67,0.9920009,0.99190676,0.9916442632675171,0.9925442337989807,0.99042434,0.0010118242,5,0.992 - 0.993
68,0.9924051,0.992601,0.9919290542602539,0.9930961728096008,0.9910985,0.0008064849,5,0.992 - 0.993
69,0.9916123,0.9924655,0.9900816082954407,0.9938889741897583,0.9865702,0.003017653,5,0.99 - 0.994
70,0.99157447,0.9915455,0.9911147952079773,0.9922692179679871,0.9904015,0.0007752397,5,0.991 - 0.992
71,0.99316424,0.99334806,0.9921785593032837,0.9948604702949524,0.9902634,0.0018068659,5,0.992 - 0.995
72,0.99021596,0.9900109,0.9898104667663574,0.9909547567367554,0.988953,0.0008526622,5,0.99 - 0.991
73,0.9907036,0.99070084,0.9905189275741577,0.9912070035934448,0.9893528,0.000797828,5,0.991 - 0.991
74,0.99350816,0.99324805,0.9931718111038208,0.9935106635093689,0.9928615,0.000653922,5,0.993 - 0.994
75,0.9929449,0.99270254,0.9926766157150269,0.9928828477859497,0.99234015,0.00061429024,5,0.993 - 0.993
76,0.9911364,0.9903724,0.9902445077896118,0.992175817489624,0.9894034,0.0014820745,5,0.99 - 0.992
77,0.9931623,0.9930564,0.99281907081604,0.9935489892959595,0.99242526,0.0005404825,5,0.993 - 0.994
78,0.99505407,0.99556315,0.9944754242897034,0.9960224628448486,0.9931461,0.001112717,5,0.994 - 0.996
79,0.99468154,0.99441016,0.9943106770515442,0.9951593279838562,0.99418944,0.00047175345,5,0.994 - 0.995
80,0.9902524,0.98973995,0.9895169138908386,0.9902697801589966,0.9890872,0.0012570807,5,0.99 - 0.99
81,0.9921053,0.99147296,0.9913195371627808,0.9921354055404663,0.9905962,0.0015289938,5,0.991 - 0.992
82,0.9951105,0.99514145,0.995099663734436,0.9953142404556274,0.99411803,0.00056898256,5,0.995 - 0.995
83,0.99235153,0.99218065,0.9919917583465576,0.9928936958312988,0.99129194,0.0007312222,5,0.992 - 0.993
84,0.9885763,0.9891424,0.9876433610916138,0.9894979000091553,0.98639184,0.0013761377,5,0.988 - 0.989
85,0.99509704,0.9951256,0.9947859048843384,0.9959638714790344,0.9931692,0.0011288822,5,0.995 - 0.996
86,0.9924512,0.99252933,0.9923171401023865,0.9928355813026428,0.9917313,0.00041069547,5,0.992 - 0.993
87,0.99326354,0.9932306,0.9927317500114441,0.9936439394950867,0.9926521,0.00053581904,5,0.993 - 0.994
88,0.9946493,0.9944548,0.9943122267723083,0.9946242570877075,0.99413264,0.000560553,5,0.994 - 0.995
89,0.99119806,0.9915369,0.9904252886772156,0.9917492270469666,0.9899519,0.00087669736,5,0.99 - 0.992
90,0.9922384,0.99225754,0.9914922714233398,0.9927582740783691,0.99137986,0.0007349642,5,0.991 - 0.993
91,0.9936737,0.99416703,0.99269038438797,0.9942916035652161,0.99233407,0.0009854841,5,0.993 - 0.994
92,0.9921955,0.9924281,0.9916864633560181,0.9924938082695007,0.99134964,0.0005993702,5,0.992 - 0.992
93,0.99263304,0.99279034,0.9919534921646118,0.993108868598938,0.9919438,0.000588186,5,0.992 - 0.993
94,0.99383163,0.99491674,0.9931920170783997,0.9950486421585083,0.99034417,0.0019267105,5,0.993 - 0.995
95,0.99348384,0.9931252,0.9929733872413635,0.9942436814308167,0.9926724,0.0007031445,5,0.993 - 0.994
96,0.9939741,0.9939559,0.9939150214195251,0.9942216277122498,0.99315417,0.00048152028,5,0.994 - 0.994
97,0.9949853,0.99486935,0.9946938753128052,0.9953062534332275,0.99427664,0.0005169256,5,0.995 - 0.995
98,0.99272287,0.99238044,0.9921958446502686,0.9936060905456543,0.99149424,0.00091221265,5,0.992 - 0.994
99,0.9932542,0.9932173,0.992926299571991,0.9934025406837463,0.9926876,0.00046146876,5,0.993 - 0.993
100,0.9925969,0.9926923,0.9922707080841064,0.9928369522094727,0.9919463,0.00044900278,5,0.992 - 0.993
101,0.99051464,0.9903833,0.9902194142341614,0.990429699420929,0.9899413,0.00056868256,5,0.99 - 0.99
102,0.9905842,0.990186,0.9898648262023926,0.992107629776001,0.9864648,0.0025983888,5,0.99 - 0.992
103,0.99021053,0.9905676,0.9895765781402588,0.990731418132782,0.98931843,0.0006350734,5,0.99 - 0.991
104,0.9939402,0.99414474,0.9940736293792725,0.9945898056030273,0.9918835,0.0010820158,5,0.994 - 0.995
105,0.9946235,0.9948032,0.9940164685249329,0.9950167536735535,0.993878,0.00058637245,5,0.994 - 0.995
106,0.98097384,0.98207283,0.9768589735031128,0.9822938442230225,0.97581214,0.0043255095,5,0.977 - 0.982
107,0.99278,0.99324685,0.9918147325515747,0.994787871837616,0.9890992,0.0021654628,5,0.992 - 0.995
108,0.9943919,0.99442494,0.9937785863876343,0.9950150847434998,0.99356806,0.0006410419,5,0.994 - 0.995
109,0.9913645,0.99150205,0.9914331436157227,0.9917333722114563,0.9902157,0.0006014146,5,0.991 - 0.992
110,0.9928397,0.992945,0.9922412633895874,0.9935762882232666,0.9916461,0.00080493017,5,0.992 - 0.994
111,0.9921249,0.9922424,0.9916842579841614,0.9924703240394592,0.9905135,0.0010440664,5,0.992 - 0.992
112,0.99324626,0.99317485,0.9924324750900269,0.9940426349639893,0.9920781,0.0009215524,5,0.992 - 0.994
113,0.9930626,0.9927033,0.9924663305282593,0.9937539100646973,0.99206907,0.00084036693,5,0.992 - 0.994
114,0.9940624,0.99363154,0.9936107397079468,0.9941039681434631,0.99346906,0.0007485266,5,0.994 - 0.994
115,0.99341553,0.9939255,0.9925662875175476,0.9941695332527161,0.9922117,0.00085105066,5,0.993 - 0.994
116,0.99283254,0.99272907,0.9924356937408447,0.994140088558197,0.9906993,0.0012796319,5,0.992 - 0.994
117,0.9928619,0.9930927,0.9927456378936768,0.9934435486793518,0.9915199,0.0007243504,5,0.993 - 0.993
118,0.99428797,0.9943446,0.993932843208313,0.9946969151496887,0.99351984,0.00051360624,5,0.994 - 0.995
119,0.99186105,0.9919855,0.9912666082382202,0.9923991560935974,0.99103427,0.0006193489,5,0.991 - 0.992
120,0.9953187,0.99526817,0.9951348900794983,0.995702862739563,0.9947467,0.00037129945,5,0.995 - 0.996
121,0.99293864,0.9930244,0.9929614663124084,0.9934527277946472,0.9916934,0.0006649406,5,0.993 - 0.993
122,0.99381936,0.9949494,0.9942519068717957,0.995437741279602,0.9885129,0.002711468,5,0.994 - 0.995
123,0.9917858,0.9919741,0.9912244081497192,0.9922796487808228,0.99115807,0.0004991733,5,0.991 - 0.992
124,0.9950237,0.9949782,0.994820773601532,0.9952154159545898,0.9948206,0.00019435481,5,0.995 - 0.995
125,0.99219096,0.99264884,0.9923635125160217,0.9929685592651367,0.989539,0.0013729407,5,0.992 - 0.993
126,0.993152,0.9931597,0.992986798286438,0.9932861328125,0.992772,0.00026557592,5,0.993 - 0.993
127,0.9898917,0.98998183,0.9895039796829224,0.9900522828102112,0.9886336,0.0008618928,5,0.99 - 0.99
128,0.9928301,0.992469,0.9924685955047607,0.9927406907081604,0.99244654,0.00060756184,5,0.992 - 0.993
129,0.99232703,0.9923426,0.9922893047332764,0.9923637509346008,0.9915691,0.00047547216,5,0.992 - 0.992
130,0.99304163,0.9927805,0.9924823641777039,0.9937839508056641,0.9920638,0.00077495683,5,0.992 - 0.994
131,0.99261,0.9924651,0.9920586943626404,0.9933456182479858,0.9917725,0.00066392595,5,0.992 - 0.993
132,0.9927448,0.9930954,0.9921758770942688,0.9931542873382568,0.99205494,0.000517566,5,0.992 - 0.993
133,0.9919958,0.99206567,0.9915422797203064,0.9927641153335571,0.99083996,0.0007391781,5,0.992 - 0.993
134,0.99285066,0.99259007,0.9925223588943481,0.9929306507110596,0.9917822,0.0008732448,5,0.993 - 0.993
135,0.9912661,0.99146605,0.99043869972229,0.9920550584793091,0.9891642,0.0013804655,5,0.99 - 0.992
136,0.9921421,0.9920613,0.9915645122528076,0.9928385615348816,0.99114907,0.0007379601,5,0.992 - 0.993
137,0.99243796,0.99240184,0.9919769167900085,0.9929220080375671,0.9919556,0.00043044897,5,0.992 - 0.993
138,0.9932248,0.99352026,0.993245542049408,0.9936963319778442,0.99133885,0.0010073473,5,0.993 - 0.994
139,0.9936741,0.9936475,0.9931395649909973,0.994092583656311,0.9928522,0.00064303685,5,0.993 - 0.994
140,0.99295557,0.99350953,0.9917874336242676,0.99432373046875,0.990397,0.0016337683,5,0.992 - 0.994
141,0.9916528,0.99154645,0.9915185570716858,0.9916986227035522,0.9910649,0.000444798,5,0.992 - 0.992
142,0.9930906,0.99330497,0.9927520751953125,0.9934735894203186,0.99225336,0.000518198,5,0.993 - 0.993
143,0.9931768,0.9931908,0.9930930137634277,0.9936046600341797,0.9918814,0.00074122375,5,0.993 - 0.994
144,0.9941387,0.99413323,0.9938325881958008,0.9945573806762695,0.99356914,0.0004018554,5,0.994 - 0.995
145,0.9921918,0.9921865,0.9920717477798462,0.9922517538070679,0.9913436,0.0005607185,5,0.992 - 0.992
146,0.99198484,0.9921797,0.9919620752334595,0.9923502206802368,0.9910245,0.00050463807,5,0.992 - 0.992
147,0.994936,0.9952222,0.9947803020477295,0.9954326748847961,0.9937632,0.00063658,5,0.995 - 0.995
148,0.9939092,0.99472874,0.9920597076416016,0.9950516223907471,0.9919251,0.0016022525,5,0.992 - 0.995
149,0.99206555,0.9922371,0.9914852380752563,0.9929984211921692,0.99047846,0.0009884197,5,0.991 - 0.993
150,0.9924216,0.99281406,0.9920176267623901,0.993313193321228,0.9904887,0.0010915286,5,0.992 - 0.993
151,0.9953602,0.99542993,0.9952177405357361,0.9957104325294495,0.9945918,0.00044260986,5,0.995 - 0.996
152,0.9941993,0.9941246,0.9938092827796936,0.9951228499412537,0.9925971,0.000988458,5,0.994 - 0.995
153,0.991831,0.9917544,0.9915487170219421,0.9922903776168823,0.99086535,0.0006289974,5,0.992 - 0.992
154,0.9951622,0.9954167,0.9946280121803284,0.9955179691314697,0.99448115,0.00051123725,5,0.995 - 0.996
155,0.9937223,0.993507,0.9934434294700623,0.9942866563796997,0.9929703,0.0005428217,5,0.993 - 0.994
156,0.99382335,0.99464864,0.9946218729019165,0.9950409531593323,0.9896571,0.0020935023,5,0.995 - 0.995
157,0.9928684,0.99309206,0.9926597476005554,0.9932054877281189,0.9918516,0.00058022095,5,0.993 - 0.993
158,0.9936393,0.9936063,0.9930853843688965,0.9942976236343384,0.9925594,0.00076484977,5,0.993 - 0.994
159,0.99331796,0.9931525,0.9929194450378418,0.9934054613113403,0.99255097,0.00068257394,5,0.993 - 0.993
160,0.99248856,0.9929193,0.9914878010749817,0.9930778741836548,0.9911953,0.0009829348,5,0.991 - 0.993
161,0.99414074,0.9939971,0.9938083291053772,0.9947272539138794,0.9933201,0.00057499757,5,0.994 - 0.995
162,0.99375457,0.99377924,0.9932804703712463,0.9939507246017456,0.99262655,0.0008300242,5,0.993 - 0.994
163,0.99355584,0.9937363,0.9932465553283691,0.9939853549003601,0.99271744,0.00051080564,5,0.993 - 0.994
164,0.9823061,0.98530674,0.978202223777771,0.9880664944648743,0.97185355,0.0063540637,5,0.978 - 0.988
165,0.991515,0.9917069,0.9914126992225647,0.9917094111442566,0.99069893,0.00045480052,5,0.991 - 0.992
166,0.9933068,0.99350405,0.9928030967712402,0.9936920404434204,0.99276686,0.0004348381,5,0.993 - 0.994
167,0.9936882,0.99375147,0.9934666752815247,0.9941105842590332,0.9921611,0.00091192895,5,0.993 - 0.994
168,0.99389946,0.99369496,0.9935809969902039,0.994050145149231,0.9932572,0.0005671077,5,0.994 - 0.994
169,0.9940389,0.9942021,0.9937920570373535,0.9943869113922119,0.9934133,0.0003822319,5,0.994 - 0.994
170,0.99154204,0.99137175,0.9913020133972168,0.9919580221176147,0.99098384,0.00041872746,5,0.991 - 0.992
171,0.99329025,0.9932951,0.992830753326416,0.9942800402641296,0.99158704,0.0010446055,5,0.993 - 0.994
172,0.99445075,0.9942389,0.9941165447235107,0.9948750138282776,0.99365586,0.00060140836,5,0.994 - 0.995
173,0.9960227,0.9958984,0.9958570599555969,0.9961040019989014,0.99567413,0.00031019773,5,0.996 - 0.996
174,0.9950072,0.995029,0.9947406053543091,0.9950807690620422,0.99431044,0.00051301613,5,0.995 - 0.995
175,0.99357593,0.9935602,0.9934258460998535,0.9944645166397095,0.9918083,0.0010028852,5,0.993 - 0.994
176,0.9920543,0.9925223,0.9915509819984436,0.9926804900169373,0.99065745,0.0008325166,5,0.992 - 0.993
177,0.99275744,0.9932386,0.9916920065879822,0.9934187531471252,0.99111974,0.0011765271,5,0.992 - 0.993
178,0.994398,0.9943722,0.9942156076431274,0.9947625994682312,0.9937661,0.000398015,5,0.994 - 0.995
179,0.99482214,0.9945135,0.9942864179611206,0.9960240125656128,0.99297094,0.0012235036,5,0.994 - 0.996
180,0.99262714,0.99270546,0.9923412799835205,0.9936650395393372,0.9904829,0.0012238456,5,0.992 - 0.994
181,0.9913227,0.99135816,0.9912316203117371,0.9914923310279846,0.9906141,0.00042286006,5,0.991 - 0.991
182,0.9929546,0.99317104,0.9929594993591309,0.993625819683075,0.99136263,0.00083918974,5,0.993 - 0.994
183,0.99348277,0.99355716,0.9934114217758179,0.9937872886657715,0.9926262,0.00047718003,5,0.993 - 0.994
184,0.9926279,0.99282616,0.9924412965774536,0.993304431438446,0.991108,0.00084069173,5,0.992 - 0.993
185,0.9931989,0.99361676,0.993456244468689,0.994350016117096,0.9890699,0.002187,5,0.993 - 0.994
186,0.98968965,0.98968947,0.9895220994949341,0.9908111095428467,0.9861894,0.0020010045,5,0.99 - 0.991
187,0.9929717,0.99373966,0.9915870428085327,0.9938105344772339,0.9912704,0.0012878228,5,0.992 - 0.994
188,0.99489343,0.9947118,0.9945900440216064,0.9956575632095337,0.9936826,0.00078011537,5,0.995 - 0.996
189,0.98948634,0.9897697,0.989255964756012,0.9899258017539978,0.98825675,0.0006901023,5,0.989 - 0.99
190,0.9932947,0.9932712,0.9931125044822693,0.993380069732666,0.99310523,0.00018599618,5,0.993 - 0.993
191,0.99221456,0.99211127,0.9918332099914551,0.9928491115570068,0.99106705,0.00075775705,5,0.992 - 0.993
192,0.99406165,0.9940814,0.9934479594230652,0.994648277759552,0.9931569,0.0006886403,5,0.993 - 0.995
193,0.9894393,0.9896001,0.9890093207359314,0.9896606206893921,0.98832184,0.00075719703,5,0.989 - 0.99
194,0.9927537,0.9938416,0.9907933473587036,0.9940695762634277,0.99044925,0.0017625178,5,0.991 - 0.994
195,0.99288064,0.9927349,0.9925015568733215,0.9934258460998535,0.9921729,0.00053584354,5,0.993 - 0.993
196,0.99252045,0.9922355,0.9921867847442627,0.9932694435119629,0.9915045,0.0007169239,5,0.992 - 0.993
197,0.99356115,0.99374646,0.9935894012451172,0.993893027305603,0.9926625,0.0004642937,5,0.994 - 0.994
198,0.99356747,0.99401414,0.9939404129981995,0.9941363334655762,0.9909191,0.0013610988,5,0.994 - 0.994
199,0.99206007,0.9921089,0.9914975166320801,0.9922965168952942,0.9910228,0.0007973187,5,0.991 - 0.992
200,0.9925046,0.99276567,0.9914789795875549,0.9938367605209351,0.99042374,0.0013794231,5,0.991 - 0.994
201,0.994153,0.9941866,0.9936040043830872,0.9946731925010681,0.99326205,0.00065601483,5,0.994 - 0.995
202,0.9913763,0.99124265,0.9909668564796448,0.9915692806243896,0.9906774,0.00060187373,5,0.991 - 0.992
203,0.9933039,0.9933726,0.992450475692749,0.9937422275543213,0.9923979,0.00081402657,5,0.992 - 0.994
204,0.9945446,0.99450284,0.9939774870872498,0.9949309825897217,0.99395984,0.0005414716,5,0.994 - 0.995
205,0.9937464,0.9935296,0.9934520125389099,0.9940666556358337,0.99328405,0.00041876678,5,0.993 - 0.994
206,0.99090374,0.9908144,0.9906921982765198,0.9910793900489807,0.98987955,0.00070068496,5,0.991 - 0.991
207,0.9926947,0.9925085,0.9923961162567139,0.9928855299949646,0.992247,0.00042684606,5,0.992 - 0.993
208,0.9921818,0.9923496,0.9916343688964844,0.992405354976654,0.99118,0.0007376925,5,0.992 - 0.992
209,0.9937585,0.99386764,0.9931839108467102,0.9942333698272705,0.9929612,0.00060392707,5,0.993 - 0.994
210,0.9942645,0.9944821,0.993965208530426,0.9952637553215027,0.9922738,0.0011180663,5,0.994 - 0.995
211,0.9937929,0.9940718,0.993522584438324,0.9941447377204895,0.9925092,0.00074499514,5,0.994 - 0.994
212,0.99241984,0.99266076,0.9919630885124207,0.9928157329559326,0.99177957,0.00045711116,5,0.992 - 0.993
213,0.9933842,0.99351233,0.9934172034263611,0.9939692616462708,0.9919527,0.00075868756,5,0.993 - 0.994
214,0.9939416,0.99397576,0.9936273694038391,0.9941251873970032,0.9934943,0.00035485305,5,0.994 - 0.994
215,0.9926921,0.9928618,0.9924048185348511,0.9929269552230835,0.9919109,0.00049349945,5,0.992 - 0.993
216,0.99362165,0.99311805,0.9931016564369202,0.9936978220939636,0.99293697,0.0008559096,5,0.993 - 0.994
217,0.99452704,0.9947668,0.9943204522132874,0.9949268698692322,0.9934741,0.00059218635,5,0.994 - 0.995
218,0.99299526,0.99273485,0.9926515817642212,0.9933938980102539,0.99251795,0.00045585292,5,0.993 - 0.993
219,0.9936941,0.9942219,0.9930297136306763,0.9947819113731384,0.99138707,0.0013463959,5,0.993 - 0.995
220,0.9922837,0.9924925,0.9920309782028198,0.9926444292068481,0.990712,0.00092550967,5,0.992 - 0.993
221,0.9924431,0.99254674,0.9919683933258057,0.9930058717727661,0.9916418,0.0005596779,5,0.992 - 0.993
222,0.9928273,0.99273396,0.9926299452781677,0.9928932189941406,0.99198896,0.00061392365,5,0.993 - 0.993
223,0.9932076,0.9932227,0.9923877716064453,0.9938961863517761,0.9922716,0.00079111126,5,0.992 - 0.994
224,0.9939499,0.99367297,0.9936321973800659,0.994647741317749,0.9929766,0.00068829866,5,0.994 - 0.995
225,0.98014593,0.9807603,0.9802690148353577,0.9854571223258972,0.96873593,0.0061242757,5,0.98 - 0.985
226,0.9890441,0.9896182,0.989281415939331,0.9897171854972839,0.9862454,0.0014421478,5,0.989 - 0.99
227,0.99232113,0.9925729,0.9921002984046936,0.9926436543464661,0.99105626,0.0007275942,5,0.992 - 0.993
228,0.99438465,0.9947316,0.99415123462677,0.9952069520950317,0.99203134,0.0012960435,5,0.994 - 0.995
229,0.99258965,0.9935237,0.9920470714569092,0.9939255118370056,0.98796797,0.0025569496,5,0.992 - 0.994
230,0.9922789,0.9925916,0.9917761087417603,0.9926062226295471,0.9915483,0.00051837426,5,0.992 - 0.993
231,0.9932995,0.99323183,0.9929274916648865,0.994303822517395,0.99141884,0.0011330863,5,0.993 - 0.994
232,0.9914564,0.991602,0.9909863471984863,0.9920167326927185,0.9904852,0.0006387479,5,0.991 - 0.992
233,0.9943312,0.9941884,0.9938012957572937,0.9948645234107971,0.99365115,0.0005863202,5,0.994 - 0.995
234,0.9924016,0.9928059,0.9922006726264954,0.9928321838378906,0.99109834,0.00071215583,5,0.992 - 0.993
235,0.99317724,0.9928539,0.9927847385406494,0.9939825534820557,0.9920303,0.0008173119,5,0.993 - 0.994
236,0.99378175,0.99396986,0.993894636631012,0.9943751096725464,0.99184996,0.0010206003,5,0.994 - 0.994
237,0.9911078,0.9909895,0.9908098578453064,0.9919310808181763,0.9896659,0.00088663975,5,0.991 - 0.992
238,0.9939764,0.9943785,0.9936344027519226,0.9947295188903809,0.9923888,0.0008906653,5,0.994 - 0.995
239,0.99326575,0.9935056,0.9928985834121704,0.9937596321105957,0.9917527,0.00089891144,5,0.993 - 0.994
240,0.9942421,0.99430406,0.9937243461608887,0.9946221113204956,0.9935825,0.000527737,5,0.994 - 0.995
241,0.99638206,0.99653256,0.9964326024055481,0.9966378211975098,0.9955269,0.00044282648,5,0.996 - 0.997
242,0.9929694,0.9928477,0.9918428063392639,0.9938458204269409,0.9917697,0.0010919999,5,0.992 - 0.994
243,0.9929565,0.9927997,0.9926578998565674,0.9931303262710571,0.99222857,0.0005819394,5,0.993 - 0.993
244,0.99278814,0.9928912,0.9921572208404541,0.9928919076919556,0.99191445,0.0007572701,5,0.992 - 0.993
245,0.9937296,0.99382454,0.9935732483863831,0.9938783049583435,0.9932992,0.00026782553,5,0.994 - 0.994
246,0.99347895,0.9935779,0.9930322766304016,0.9937422871589661,0.99192536,0.0010370057,5,0.993 - 0.994
247,0.99279726,0.99305534,0.9925740361213684,0.9931187629699707,0.9920345,0.00043975015,5,0.993 - 0.993
248,0.99270153,0.99229085,0.9920780062675476,0.9930421710014343,0.9918265,0.00088310544,5,0.992 - 0.993
249,0.99255514,0.9924789,0.9922602772712708,0.9933139085769653,0.9908287,0.0010431799,5,0.992 - 0.993
250,0.9917346,0.9914744,0.9914731383323669,0.9920879602432251,0.9908834,0.00063631416,5,0.991 - 0.992
251,0.9938017,0.99389905,0.9933961033821106,0.9939867854118347,0.99326885,0.0004296163,5,0.993 - 0.994
252,0.9920993,0.991918,0.991688072681427,0.9924379587173462,0.9915356,0.0005104226,5,0.992 - 0.992
253,0.9928695,0.99279976,0.99223792552948,0.9934077858924866,0.9920943,0.00065950764,5,0.992 - 0.993
254,0.991181,0.9910027,0.9908624291419983,0.9917811751365662,0.98990655,0.00083534204,5,0.991 - 0.992
255,0.99103296,0.9910616,0.990955114364624,0.9912649989128113,0.99018264,0.00049585104,5,0.991 - 0.991
256,0.9919448,0.99146926,0.9909553527832031,0.9930704832077026,0.9904245,0.0012838226,5,0.991 - 0.993
257,0.9929582,0.9929237,0.9928972721099854,0.9937139749526978,0.99141854,0.00086250424,5,0.993 - 0.994
258,0.9934289,0.99381495,0.9932178258895874,0.9938158988952637,0.9924043,0.0005669517,5,0.993 - 0.994
259,0.9807706,0.98142993,0.9760765433311462,0.9849163293838501,0.97549343,0.004340319,5,0.976 - 0.985
260,0.9918302,0.99185085,0.9916509985923767,0.9920739531517029,0.9910826,0.00046681135,5,0.992 - 0.992
261,0.99030864,0.99053895,0.990449845790863,0.9905797243118286,0.989327,0.00049503293,5,0.99 - 0.991
262,0.9931575,0.99275225,0.9927184581756592,0.993798017501831,0.99223584,0.00075937225,5,0.993 - 0.994
263,0.99035853,0.9909092,0.9885637760162354,0.9918104410171509,0.9873563,0.0021192639,5,0.989 - 0.992
264,0.9942013,0.99434793,0.9941554069519043,0.994518518447876,0.9928023,0.0007802013,5,0.994 - 0.995
265,0.99320185,0.99329454,0.9930815100669861,0.9934439063072205,0.9927406,0.0002666059,5,0.993 - 0.993
266,0.9939768,0.9944601,0.9942904114723206,0.994609534740448,0.9917136,0.00114452,5,0.994 - 0.995
267,0.99536,0.99553263,0.9948068261146545,0.9957922697067261,0.9947029,0.0005140475,5,0.995 - 0.996
268,0.9920616,0.99247986,0.9915902614593506,0.9925523996353149,0.99050885,0.0009265044,5,0.992 - 0.993
269,0.99347174,0.99373776,0.9930322766304016,0.9940378665924072,0.99241513,0.0006544783,5,0.993 - 0.994
270,0.9943501,0.9942758,0.9939292073249817,0.994536817073822,0.99359447,0.00061978865,5,0.994 - 0.995
271,0.99244547,0.99263084,0.9918181300163269,0.9926960468292236,0.991786,0.0005743262,5,0.992 - 0.993
272,0.9908797,0.9912156,0.9904616475105286,0.991706907749176,0.98906237,0.0010416111,5,0.99 - 0.992
273,0.9905407,0.99083793,0.9899271726608276,0.9912205338478088,0.9894973,0.00070396974,5,0.99 - 0.991
274,0.9947071,0.9952946,0.9937617182731628,0.995359480381012,0.9935726,0.0008553366,5,0.994 - 0.995
275,0.9932308,0.99357194,0.9927033185958862,0.9935967922210693,0.9925435,0.00050176296,5,0.993 - 0.994
276,0.994872,0.99559987,0.9930059909820557,0.9963629245758057,0.99259776,0.0017377574,5,0.993 - 0.996
277,0.994211,0.9944776,0.9938660860061646,0.9945741295814514,0.99347126,0.0004639725,5,0.994 - 0.995
278,0.99335796,0.9935876,0.9930598735809326,0.9936257004737854,0.992857,0.00033323347,5,0.993 - 0.994
279,0.99377644,0.9936406,0.9932727217674255,0.9943854212760925,0.9926464,0.00080827373,5,0.993 - 0.994
280,0.99272126,0.99241084,0.9923400282859802,0.9932795763015747,0.9921211,0.00053883373,5,0.992 - 0.993
281,0.9934513,0.99363935,0.9934768080711365,0.9938023090362549,0.9922983,0.0006057804,5,0.993 - 0.994
282,0.99204224,0.9923502,0.9914419651031494,0.9924689531326294,0.99137384,0.00052331894,5,0.991 - 0.992
283,0.9947217,0.99507684,0.9937009215354919,0.995522141456604,0.9935669,0.0009147137,5,0.994 - 0.996
284,0.9914373,0.9914919,0.9912394881248474,0.9917272329330444,0.99075645,0.00041844265,5,0.991 - 0.992
285,0.9928727,0.99306595,0.9930205345153809,0.9931139945983887,0.99199396,0.0004421556,5,0.993 - 0.993
286,0.9937986,0.9936342,0.9934660196304321,0.9943973422050476,0.9927933,0.00068174506,5,0.993 - 0.994
287,0.9936061,0.9943176,0.9921554923057556,0.9944551587104797,0.9921274,0.0012158558,5,0.992 - 0.994
288,0.99500275,0.9947561,0.9946900010108948,0.9953849911689758,0.99448407,0.000459918,5,0.995 - 0.995
289,0.99235344,0.99260485,0.9913983941078186,0.9930617213249207,0.9913764,0.0008218432,5,0.991 - 0.993
290,0.99304026,0.99319893,0.9928656220436096,0.9935182929039001,0.9917596,0.0007202945,5,0.993 - 0.994
291,0.9928764,0.9929369,0.992317259311676,0.993377685546875,0.99192435,0.00068925205,5,0.992 - 0.993
292,0.9928527,0.9932107,0.992317259311676,0.9932859539985657,0.99214387,0.0005118955,5,0.992 - 0.993
293,0.99273205,0.9928036,0.9926088452339172,0.9928246736526489,0.9920013,0.00045580408,5,0.993 - 0.993
294,0.9954616,0.99555224,0.9953087568283081,0.995622992515564,0.99477255,0.00041948011,5,0.995 - 0.996
295,0.9959059,0.9958988,0.9953401684761047,0.9965898394584656,0.99507254,0.0006330102,5,0.995 - 0.997
296,0.9919478,0.9920635,0.9915671944618225,0.9923169016838074,0.9910223,0.00060432125,5,0.992 - 0.992
297,0.99286616,0.9924055,0.9923805594444275,0.9925764799118042,0.99221015,0.00095298985,5,0.992 - 0.993
298,0.98373497,0.9835751,0.9827200770378113,0.9863308668136597,0.97833896,0.0032469227,5,0.983 - 0.986
299,0.99070466,0.9908701,0.9907090067863464,0.9913815855979919,0.9890243,0.0008949109,5,0.991 - 0.991
300,0.9917515,0.9919908,0.9909564256668091,0.992412805557251,0.99092084,0.00068445405,5,0.991 - 0.992
301,0.9933907,0.9931682,0.9930680990219116,0.9938278198242188,0.9928022,0.00048489845,5,0.993 - 0.994
302,0.99307454,0.9934492,0.9931713342666626,0.993733286857605,0.9903049,0.0014792703,5,0.993 - 0.994
303,0.99468195,0.9947848,0.9940175414085388,0.994989812374115,0.9939476,0.0006422499,5,0.994 - 0.995
304,0.995746,0.99561757,0.995358943939209,0.9963998794555664,0.99493843,0.0005820953,5,0.995 - 0.996
305,0.9924175,0.9924368,0.9922015070915222,0.9928226470947266,0.99162036,0.00048845087,5,0.992 - 0.993
306,0.9924668,0.9925582,0.9924504160881042,0.992601215839386,0.99149644,0.0005563688,5,0.992 - 0.993
307,0.9942163,0.99428815,0.9935890436172485,0.9949285387992859,0.9931505,0.00075745577,5,0.994 - 0.995
308,0.99361116,0.9932113,0.9930756092071533,0.9935854077339172,0.9929406,0.0008437697,5,0.993 - 0.994
309,0.991387,0.9916309,0.991159975528717,0.9920895099639893,0.9896671,0.0009553405,5,0.991 - 0.992
310,0.9928192,0.9927567,0.9920628666877747,0.9930522441864014,0.99195576,0.0008338094,5,0.992 - 0.993
311,0.9927721,0.993171,0.9922288656234741,0.9933887124061584,0.9908241,0.0011667717,5,0.992 - 0.993
312,0.98740625,0.9893161,0.9877429604530334,0.9894419312477112,0.9808004,0.003374682,5,0.988 - 0.989
313,0.9944906,0.99433696,0.9933508634567261,0.9956739544868469,0.99302673,0.0012119003,5,0.993 - 0.996
314,0.9936182,0.9933389,0.9932596683502197,0.9936221241950989,0.99302506,0.00064255495,5,0.993 - 0.994
315,0.9902382,0.9904019,0.9901084899902344,0.9904161095619202,0.9890348,0.00070807565,5,0.99 - 0.99
